<?xml version="1.0" encoding="UTF-8"?>
<!DOCTYPE codetemplates PUBLIC "-//NetBeans//DTD Editor Code Templates settings 1.0//EN" "http://www.netbeans.org/dtds/EditorCodeTemplates-1_0.dtd">
<codetemplates>
    <codetemplate abbreviation="e" xml:space="preserve">
        <code><![CDATA[echo '${cursor}';]]></code>
    </codetemplate>
    <codetemplate abbreviation="fore" contexts="php-code" uuid="org.netbeans.modules.php.editor.codetemplate.foreach" xml:space="preserve">
        <code><![CDATA[foreach (${ARRAY  instanceof="array" default="$array"} as $$${value}) {variableFromPreviousAssignment
    ${selection}${cursor}
}]]></code>
    </codetemplate>
    <codetemplate abbreviation="eco" remove="true"/>
</codetemplates>
