<?xml version="1.0" encoding="UTF-8"?>
<!DOCTYPE codetemplates PUBLIC "-//NetBeans//DTD Editor Code Templates settings 1.0//EN" "http://www.netbeans.org/dtds/EditorCodeTemplates-1_0.dtd">
<codetemplates>
    <codetemplate abbreviation="p" xml:space="preserve">
        <code><![CDATA[<?php ${first};?>]]></code>
    </codetemplate>
    <codetemplate abbreviation="r" xml:space="preserve">
        <code><![CDATA[{$r['${cursor}']}]]></code>
    </codetemplate>
    <codetemplate abbreviation="t" xml:space="preserve">
        <code><![CDATA[<?php if($_GET['dev']=='true'){?>${cursor}
<?php }?>]]></code>
    </codetemplate>
    <codetemplate abbreviation="v" xml:space="preserve">
        <code><![CDATA[<?php var_dump('$$${first}', $$${second});?>]]></code>
    </codetemplate>
    <codetemplate abbreviation="fo" xml:space="preserve">
        <code><![CDATA[<?php foreach(${cursor}){?>
<?php }?>]]></code>
    </codetemplate>
    <codetemplate abbreviation="if" xml:space="preserve">
        <code><![CDATA[<?php if(${cursor}){?>
<?php }?>]]></code>
    </codetemplate>
</codetemplates>
